{"stats":{"minecraft:mined":{"minecraft:grass_block":3,"minecraft:dirt":6,"minecraft:sand":1,"minecraft:stone":3,"minecraft:dark_oak_log":8},"minecraft:picked_up":{"minecraft:sand":1,"minecraft:dark_oak_log":8,"minecraft:dirt":9,"minecraft:cobblestone":3},"minecraft:used":{"minecraft:wooden_axe":5,"minecraft:sand":1,"minecraft:crafting_table":1,"minecraft:wooden_pickaxe":3},"minecraft:custom":{"minecraft:time_since_rest":2352,"minecraft:crouch_one_cm":1560,"minecraft:play_time":2352,"minecraft:sprint_one_cm":6593,"minecraft:damage_taken":10,"minecraft:walk_one_cm":2715,"minecraft:sneak_time":727,"minecraft:jump":44,"minecraft:leave_game":1,"minecraft:time_since_death":2352,"minecraft:total_world_time":2352,"minecraft:interact_with_crafting_table":6,"minecraft:fall_one_cm":1705,"minecraft:fly_one_cm":6853},"minecraft:crafted":{"minecraft:dark_oak_planks":32,"minecraft:crafting_table":1,"minecraft:stick":8,"minecraft:stone_pickaxe":1,"minecraft:wooden_pickaxe":1,"minecraft:wooden_axe":1}},"DataVersion":3465}